"类别","文件","原压缩包","压缩包内路径","字节数","页数","SHA256","与原件一致"
"课件原件","10 宪法总论.pptx","2.2ppt.zip","2.2ppt/10 宪法总论.pptx","2196852","81","164984CA2CAC4A79F9ED4DF109C93BF7B50347E6726C98430CA1DF849627205B","是"
"课件原件","11宪法的历史.pptx","2.2ppt.zip","2.2ppt/11宪法的历史.pptx","44731988","59","A59EB8AE273B02D4C9BE3468E10C37A508A966FBCAC0A214FB965B1C1AC3A6DB","是"
"课件原件","12 国家性质和国家形式.pptx","2.2ppt.zip","2.2ppt/12 国家性质和国家形式.pptx","39832344","67","DD3B77B39E8FFAFBA55E40AC2390CCF193142F49F7A41A7F91C1088E0B9A2DEC","是"
"课件原件","13 国家基本制度修改.pptx","2.2ppt.zip","2.2ppt/13 国家基本制度修改.pptx","24934552","65","5C4B639A709B625B1D0CCB6A3CBD21603971A5F6905745C250EC6CA27CD4CA68","是"
"课件原件","14公民的基本权利和义务（上）.pptx","2.2ppt.zip","2.2ppt/14公民的基本权利和义务（上）.pptx","2436707","66","C9915AF6AFD89D9D18A489BD9CFA0C8DA86A1B47875BEE054119334348DDC3F4","是"
"课件原件","15公民的基本权利和义务（下）.pptx","2.2ppt.zip","2.2ppt/15公民的基本权利和义务（下）.pptx","4009431","66","1249A6AF0F0651AA6F28215598EA07855C4398C6FA2A2EF3F5D05D15871DFC85","是"
"课件原件","16国家机构.pptx","2.2ppt.zip","2.2ppt/16国家机构.pptx","27306851","105","AF0FDD7699581EF8C2B2FEC1F0AE0CD609F5DA066935997B1FF74DF4011E41B5","是"
"课件原件","16国家机构之三到七节.pptx","2.2ppt.zip","2.2ppt/16国家机构之三到七节.pptx","1362108","31","FFBA75E2D19C9297FD3FEF8528B71F3ADE993D7D545A79BDD1177664E62256E4","是"
"视频原件","第11讲 宪法的发展/011 ， 第3页ppt  ，课程回顾之后！.mp4","所用视频(1).zip","所用视频/课程视频最新修订/课程视频最新/第11讲 宪法的发展/011 ， 第3页ppt  ，课程回顾之后！.mp4","3099041","","3B0CD408014C704783598F31A8E0809D771AC0250F684963E1E3A005BCD66983","是"
"视频原件","第11讲 宪法的发展/011 第55页ppt, （五）2018年宪法的修改之前.mp4","所用视频(1).zip","所用视频/课程视频最新修订/课程视频最新/第11讲 宪法的发展/011 第55页ppt, （五）2018年宪法的修改之前.mp4","2272322","","AD5A861C74EB2D04A0E43E361822FD2423CCC0E0C8F2B4F07DB6B2422BF461DB","是"
"视频原件","第11讲 宪法的发展/011， 第18页ppt,第二节 中华人民共和国成立前的宪法之后.mp4","所用视频(1).zip","所用视频/课程视频最新修订/课程视频最新/第11讲 宪法的发展/011， 第18页ppt,第二节 中华人民共和国成立前的宪法之后.mp4","3113902","","854E9B8EF34621F7B7E22E9134AD3889E9FF8BAFD74BA03F9D9E0E41A4B20D64","是"
"视频原件","第13讲  国家基本制度/第二节 政治制度之后 ，第13页ppt mp4.mp4","所用视频(1).zip","所用视频/课程视频最新修订/课程视频最新/第13讲  国家基本制度/第二节 政治制度之后 ，第13页ppt mp4.mp4","3829990","","1117CAB285DBB7818E50E0530DE3A19297703ABBE98966A7032B39EE976C8545","是"
"视频原件","第16讲 国家机构 八、九、十节/国家机构-第十节 人民检察院-第23页mp4.mp4","所用视频(1).zip","所用视频/课程视频最新修订/课程视频最新/第16讲 国家机构 八、九、十节/国家机构-第十节 人民检察院-第23页mp4.mp4","2117282","","4308683995755C57DD97CE83226788A4E6E8D0F48E2439550C2BF5888AE3A62A","是"
"视频原件","第16讲 国家机构 八、九、十节/国家机构—第八节 监察委员会 第2页 mp4.mp4","所用视频(1).zip","所用视频/课程视频最新修订/课程视频最新/第16讲 国家机构 八、九、十节/国家机构—第八节 监察委员会 第2页 mp4.mp4","3194521","","4BD0754F8A21D7A10A3655623E37B410AABEDD3A949EFB18736FA1D7A674E6A6","是"
"视频原件","第16讲 国家机构 八、九、十节/国家机构，第九节 人民法院，第13页ppt mp4.mp4","所用视频(1).zip","所用视频/课程视频最新修订/课程视频最新/第16讲 国家机构 八、九、十节/国家机构，第九节 人民法院，第13页ppt mp4.mp4","3445026","","42F9186057B2AD0B406B40094BF8F875A8C644A5E3FD17C69DE68EF6EC5EBEE1","是"
