"Timestamp","Segment"
"00:00","大家好 这里是总裁鸟鸟"
"00:01","今天我们来聊一个"
"00:03","我一直压箱底的那个藏地故事"
"00:05","这个故事叫做"
"00:06","这里有一本书"
"00:08","《求业成梦》"
"00:09","我们在原来那个藏地腰山的故事里面"
"00:12","其实讲的这个故事的玄幻版"
"00:14","是什么呢"
"00:14","就是讲的发生在1911年的事儿"
"00:16","清朝派军队进入西藏"
"00:19","在西藏那边评判"
"00:20","评判了以后"
"00:21","还没有回来了"
"00:22","结果这边已经辛亥革命了"
"00:24","他们就成了最后的亲军"
"00:26","这个《求业成梦》的故事"
"00:28","被当时的一个入藏的亲军完整地记录下来了"
"00:32","完整地写在这边书里面"
"00:33","讲了一个什么故事"
"00:34","就讲这个亲军"
"00:35","他当时手下大概有115个士兵"
"00:39","战争结束了嘛"
"00:40","都想回中原"
"00:40","怎么回了"
"00:41","因为那些四川军队已经判断了"
"00:44","把从四川回中原的那条路已经斩断了"
"00:47","他们从四川这边走不回去了"
"00:49","那现在他们就只剩下三条路"
"00:51","还可以从西藏回到中原"
"00:53","哪三条路了"
"00:54","第一条路就是从拉萨出来"
"00:56","走东线走到亚安"
"00:57","但是這還是得回四川"
"00:59","這條路走不了"
"01:00","還有一個走西線"
"01:01","就是要往西北走"
"01:02","走到新疆"
"01:03","然後再慢慢慢慢回來"
"01:05","這條路肯定也太遠了"
"01:06","走不了"
"01:07","這個時候他們就想到了一條路"
"01:09","就是走中線"
"01:10","這條中線就是從納薩出來一直往北走"
"01:13","就可以到青海湖"
"01:14","然後再從青海湖到西陵"
"01:15","再從西陵到長安"
"01:16","這樣他們就回到中原了"
"01:18","這條路看似非常近"
"01:19","但是它經過的地方叫做槍堂無人區"
"01:22","就是藏北的那些無人地帶"
"01:24","非常恐怖"
"01:25","這115個人出發了"
"01:27","最后回到长安的时候只剩下七个人了"
"01:29","这个故事就被这个亲军"
"01:31","记载在了这本《求业成梦》当中"
"01:33","这个亲军说来也非常巧"
"01:35","他当时二十来岁"
"01:36","后来哥们特别厉害"
"01:39","变成了历史上的乡西王"
"01:41","这个人叫陈渠真"
"01:42","这个人能文能武"
"01:44","最开始是在清朝考秀才的"
"01:46","考考考考了一段时间以后"
"01:47","就头笔重荣"
"01:48","就去独武官学校"
"01:49","独武官学校就加入了川军"
"01:51","然后就跟着川军入帐去打波密王"
"01:54","打波密王的时候"
"01:55","这个哥们就相当于是一个银杖"
"01:57","他就开始讲这个故事了"
"02:01","这个故事从一个酒会开始讲"
"02:04","一个银杖"
"02:05","去当地有很多西藏的那些贵族"
"02:07","来招待他们"
"02:08","然后在招待的过程中"
"02:09","就喝了很多酒"
"02:10","喝了很多酒了"
"02:11","这个时候不就有些游戏表演吗"
"02:13","然后大家就很多人骑马拔竿"
"02:15","赞助了一种游戏"
"02:17","在那个地上"
"02:18","骑着马跑得飞快"
"02:19","然后把那个地上的竿拔起来"
"02:21","这当中其中有一个人非常厉害"
"02:23","是一个女生"
"02:24","这个女生上去"
"02:25","哇哇 缓点拔了五干"
"02:27","陈屈臣就觉得这女孩特别厉害"
"02:29","战不绝口"
"02:29","对啊"
"02:30","这个时候恰好就是"
"02:31","那些藏地的贵族也想"
"02:33","巴结巴结这些将军嘛"
"02:35","然后就"
"02:36","正好"
"02:36","那是我的侄女"
"02:37","你喜欢她吗"
"02:38","陈屈臣反正也有点喝多了"
"02:40","当然这种情况"
"02:41","必须得回答喜欢啊"
"02:43","结果那个贵族说什么"
"02:44","说喜欢就可以嫁给你啊"
"02:46","陈屈臣以为他们开玩笑了"
"02:48","说好啊 嫁给我啊"
"02:49","然后喝多了就忘了这事"
"02:51","过了两天以后"
"02:52","东东东东张灯节彩"
"02:54","那个陈曲珍正在哪嘛那"
"02:56","和人家聊点什么事了"
"02:57","说这不对啊"
"02:58","干嘛呢"
"02:58","出去一看"
"02:59","看到前两天请他吃饭的那个贵主了"
"03:01","就把那个女孩带来了"
"03:03","真的要嫁给她了"
"03:04","嫁妆都已经穿好了"
"03:05","衣服都已经穿好了"
"03:06","那陈曲珍看着那哪嘛"
"03:08","哪怕说我们这一会儿就是这个规矩"
"03:09","你别见外"
"03:10","就这样了"
"03:11","陈曲珍就娶了这个藏族女孩"
"03:13","这个藏族女孩叫做西元"
"03:14","我先不跟大家剧透"
"03:16","这本书就是这么写的"
"03:17","整个过程当中"
"03:18","最开始你看不出来"
"03:20","陈屈珍和这个西元有什么问题"
"03:21","故事就是这么发展的"
"03:22","接着又发生了这样几件事"
"03:24","第一件事呢"
"03:25","是他们不是要去打仗吗"
"03:27","打仗的时候需要有一些侦查吗"
"03:29","对吧"
"03:29","这个时候他们汉军就是川军"
"03:31","在那边放哨的时候了"
"03:33","晚上是看不见的"
"03:34","然后西元突然有一天跟陈屈珍说"
"03:36","你看那边黑暗里面是不是有两个人"
"03:39","陈屈珍根本都看不到的"
"03:40","这个时候才发现"
"03:41","这个西元他是具有很强的夜市能力的"
"03:44","因为在藏族藏地"
"03:45","他们那些藏人的视野是不一样的"
"03:48","他们能看到黑暗鸣儿很多东西"
"03:50","就发现 哇 原来这是一个军装可以用的雷达系统"
"03:53","对吧 侦查完以后那个西元进入大帐了"
"03:56","还能帮大家朝两个毛肚一起吃"
"03:58","就是这么一个女汉子的形象吧"
"04:01","接着呢 这个陈渠真就要去攻打波弥王了"
"04:04","这一仗打得很惨烈"
"04:05","惨烈到什么程度了"
"04:07","惨烈到有一次"
"04:08","就是营长 陈渠真带着西元两个人"
"04:11","他们已经走投五路了"
"04:12","走到一个悬崖上面了"
"04:14","那个悬崖上面敌人马上追上来了嘛"
"04:16","那个夕元就打着陈屈臣说赶紧跳"
"04:19","陈屈臣一看我"
"04:20","下面五六米了"
"04:22","根本不敢跳"
"04:23","结果夕元纵深一下就跳下去了"
"04:25","那夕元还在跟陈屈臣说"
"04:26","你跳下来啊"
"04:27","跳下来我接着你"
"04:29","陈屈臣就这样跳下去"
"04:30","然后夕元就接着他"
"04:31","两个人就这么逃出生天的"
"04:33","这个陈屈臣就越来越发现"
"04:35","这个女汉子女武神一样的"
"04:37","夕元非常有用"
"04:39","然后就打完波密了"
"04:40","打完波密这一仗非常惨"
"04:42","包括他们就亲君又叛乱了"
"04:43","这一个过程当中"
"04:44","就連西元的父母都已經在這個亂軍當中去世了"
"04:48","最後呢其實"
"04:49","他的母親給西元的嫁妝"
"04:52","送給西元的最後的一個東西"
"04:53","就是一種紅色的珊瑚山"
"04:56","因為西藏原來是海嘛"
"04:57","那邊有很多珊瑚"
"04:58","這些西藏的珊瑚都是很貴的"
"05:00","大概八丈高"
"05:01","一個珊瑚山就相當於送給西元的最後的東西吧"
"05:05","西元相當於這個東西就相當於他父母一樣"
"05:07","他在這個世界上已經沒有牽掛了"
"05:09","除了程去著"
"05:09","西元就一直把那個東西珊瑚山放在這裡"
"05:12","鐵繩的地方帶著"
"05:13","这个时候就遇到了那个问题"
"05:15","陈玗珍他们叫回到中原嘛"
"05:17","手下有100多个跟随他的兄弟嘛"
"05:20","要回到中原"
"05:21","三条路"
"05:21","东路西路都走不了"
"05:23","他们要走中路"
"05:24","走中路需要向岛啊"
"05:26","对吧"
"05:26","这个时候呢"
"05:27","他们就找到一个老喇嘛"
"05:28","老喇嘛当时已经50多岁了"
"05:30","老喇嘛说自己这条路走过"
"05:32","很短"
"05:33","40多天"
"05:34","就可以从西藏出发"
"05:35","穿越这个藏北草原"
"05:37","然后到达通天河"
"05:39","通天河大概在青海和西藏交界的地方"
"05:41","到了通天河那边路就好走了"
"05:43","就是这么一个路程"
"05:45","但是事实上"
"05:46","现在他买不到"
"05:47","后来才知道"
"05:48","这个老喇嘛属于他走过这条路"
"05:50","是他30多年前走过的"
"05:52","那个时候他才18岁了"
"05:53","现在50多岁了"
"05:54","让他再当像"
"05:55","然后走这条路"
"05:56","其实一点都不靠谱"
"05:57","但是当时大家都觉得信心满满的"
"06:00","不就是走这么一条路吗"
"06:01","方向大家都是确定的"
"06:03","而且大家都是军人"
"06:04","又有枪"
"06:05","身体数字又好"
"06:06","而且还带了90天的粮食"
"06:07","40天我们带90天够了吧"
"06:09","115个人都是士兵"
"06:11","而且还有240头牛羊"
"06:13","这怎么都能走得出去"
"06:14","他们就这么认为的"
"06:15","好 大家就出发了"
"06:17","但刚刚走没几天"
"06:19","就发生了一些奇怪的事"
"06:20","就是那个陈去珍的那个作季"
"06:22","那匹马突然就被野螺丝拐跑了"
"06:24","就不回来了"
"06:26","你一个大帅不能没有马呀"
"06:29","怎么办呢"
"06:29","这个时候西元就把自己的作季"
"06:32","让给了陈去珍"
"06:33","西元就其实跟着在后面走了"
"06:35","但紧接着走了五六天以后了"
"06:37","那个陈去珍发现不对"
"06:38","你们这帮人怎么都开始用那个"
"06:40","青科餵牛馬"
"06:42","這絕對不行的"
"06:43","青科是帶給人吃的"
"06:44","我們九十天的糧食是這麼算出來的"
"06:47","你們這麼餵牛馬我們能吃多少天啊"
"06:49","好這個時候那些視頻也在包人"
"06:51","說這我們冬天出發的"
"06:53","沒想到啊"
"06:54","在外面草原上根本都沒有草"
"06:56","牛馬找不到草吃"
"06:57","他們根本就不走啊"
"06:58","而且很暴躁"
"06:59","沒辦法我們只能用青科去餵養"
"07:01","陳屈真就想治治"
"07:03","但這個時候已經有點治治不了了"
"07:05","而且這個時候還發生一個差距"
"07:07","是什麼呢"
"07:07","就是那個老喇嘛"
"07:08","已经五六天以后走了深入那些无人区了"
"07:11","老老马开始还能止怒"
"07:13","他说这座山应该怎么走"
"07:14","那座山应该怎么走"
"07:16","但这个走老老马已经开这有点胡指了"
"07:18","就大家发现老老马说前面有什么"
"07:21","但前面根本没有"
"07:22","这个时候大家就觉得有点荒了"
"07:24","陈屈臣也有点荒了"
"07:25","这走下去可怎么办"
"07:27","果然出发仅仅十几二十天的时候"
"07:30","陈屈臣倾点粮食"
"07:32","九十天的粮食就只剩下一半了"
"07:34","他们还才走了十几天"
"07:35","接下来走了整个部队的心情就开始浮躁"
"07:38","他们就开始打了一个蜡马"
"07:40","说你到底会不会指诺"
"07:41","你这完全把我们已经带入了一种鬼打墙的状态了"
"07:45","当时那个风雾描写描写得特别细致"
"07:48","大雪啊 雾气啊"
"07:49","他们已经开始是跟着太阳走"
"07:51","后来已经完全看不到太阳了"
"07:53","他们完全觉得自己是在鬼打墙"
"07:54","是在那个枪堂无人去里面绕圈子"
"07:56","怎么都绕不出去"
"07:58","最开始了是牛马太师死"
"07:59","牛马死了"
"08:00","没办法就把人在那了"
"08:02","然后最后慢慢开始是人的脚开始种"
"08:05","人开始跟不上队伍开始死"
"08:07","这个时候大家就非常害怕了"
"08:09","因为一直陷入鬼大墙的状态"
"08:11","二是开始"
"08:12","部队开始责罪了"
"08:13","三是他们的粮食已经非常少了"
"08:15","就这种情况下里面"
"08:16","队友开始死了"
"08:18","那些士兵还会挖一个坟坑"
"08:19","把他放进去 操作"
"08:21","但是慢慢人越死越多"
"08:23","大家就都盲目了"
"08:24","人一旦跟不上来"
"08:26","他们就只能往前走"
"08:27","那些被抛弃的人就只能原地等死了"
"08:29","就在这种情况下"
"08:30","又走了10-20天"
"08:32","陈学生清点人数"
"08:33","只剩下73个人"
"08:35","和50多头牛羊"
"08:36","再算粮食可以吃多久"
"08:38","粮食只能吃半个月了"
"08:40","这个时候陈学生做了一个决定"
"08:41","就是抛弃蜘蛛"
"08:42","那些蜘蛛行李"
"08:43","所有的没用的我们全都一把火把烧掉"
"08:46","我们现在要清装建筒"
"08:47","赶紧往前赶路"
"08:49","对吧"
"08:49","然后烧掉行李以后"
"08:51","这里又发生了一个小的细节描写"
"08:53","这什么呢"
"08:54","就是大家都没有马骑了"
"08:55","所有的行李自己背着"
"08:57","那个西元胸口就背着他妈妈的那个"
"09:00","珊瑚山"
"09:01","左边背着那个带子行李袋"
"09:04","右边背着那个晚上要盖的那个毯子"
"09:06","所有的妖女还挂着刀"
"09:08","相当于所有的那个行李都是西元一个人背的"
"09:10","陈居真就挂一把胆刀"
"09:12","穿一个衣服在前面走"
"09:14","钢铁之难"
"09:15","所有的东西都给自己的老婆背着"
"09:17","而且到了夜晚"
"09:18","不是说那个高原上面不能血肿吗"
"09:20","如果脚一旦血肿"
"09:21","跟不上对文兰必死无疑"
"09:23","这个陈居真他的脚慢慢也开始肿了"
"09:26","但是那个西元"
"09:27","他因为是藏地人"
"09:28","他的肆意一定要强行"
"09:29","他的脚没伤"
"09:30","然后他每天晚上还要拿那个热牛油"
"09:33","自己把敷热了以后"
"09:34","给陈居真捂脚"
"09:35","让他的脚不能动住"
"09:37","当时的情况也是很惨的"
"09:38","他们就是那个"
"09:39","漫天的大雪吗"
"09:40","那种无人群里面低温"
"09:42","他们也没有帐篷"
"09:43","就只能用那个毯子"
"09:44","西元背到了那个毯子"
"09:45","自己晚上找一个雪窝"
"09:46","两个人躲进去"
"09:48","然后陈屈臣用那个毯子"
"09:49","把西元和他一起盖走"
"09:51","就这样"
"09:52","然后任凭外面风吹雪打"
"09:54","第二天"
"09:54","早上起来"
"09:55","抖一抖"
"09:56","一看"
"09:57","有很多那个雪帽里的人"
"09:58","或者不见了"
"09:59","或者就再也起不来了"
"10:00","部队就是这样一个情况"
"10:02","继续往前走"
"10:03","他们是冬天出发的"
"10:04","走到辣月三十这一天呢"
"10:06","终于走到那个通天河了"
"10:08","本来走到通天河以后后面的路就好走了嘛"
"10:11","但是呢这个时候他们问哪嘛"
"10:13","下一站我们要去哪要多久"
"10:15","那个喇嘛说我们跨过通天河"
"10:18","要去一个叫钢天霄的地方"
"10:20","那士兵又问我们去钢天压要多久"
"10:22","现在我们情况已经很危急了"
"10:24","喇嘛说十五天"
"10:25","士兵就有点忍受不了"
"10:27","喇嘛一看这个情况了又改口了说十天"
"10:30","哇士兵一踢更生气了"
"10:32","敌政"
"10:33","又玩我们是吧"
"10:34","到底有没有准数就"
"10:35","又打了一个老辣马"
"10:37","这个时候视频就都很愤怒了"
"10:39","陈居正也上来制止说"
"10:40","不能这样"
"10:41","他是我们的向导"
"10:42","但已经那个情绪控制不住了"
"10:44","老辣马"
"10:44","这个时候其实他跟着走了这么远"
"10:46","也已经崩溃了"
"10:47","精神也已经不行了"
"10:49","当天晚上大家就平静的都睡了"
"10:51","但是第二天早上一起来了"
"10:52","这个老辣马不见了"
"10:53","他可能是一个人跑了"
"10:55","或者是怎么样了"
"10:56","把陈居正他们就丢在这了"
"10:58","这个时候清点队伍了"
"10:59","只剩下40多个人了"
"11:01","然后这个时候陈去征怎么办"
"11:03","他决定派10个人朝着不同的方向出去探路"
"11:06","看有没有一些风物啊"
"11:07","有没有一些资源啊能够找到"
"11:09","结果这10个人出去了"
"11:11","过了一天过了两天"
"11:12","这10个人就再也没有回来了"
"11:13","他们可能都在外面遇到了各种各样的补测"
"11:16","在这个过程当中呢"
"11:18","所有的粮食都已经耗尽了"
"11:19","他们还要去原地打猎"
"11:21","打猎的时候呢"
"11:22","那个陈去征是分工对吧"
"11:24","今天该谁打猎"
"11:25","今天该谁助手"
"11:26","今天该谁侦查"
"11:27","哎分好了"
"11:28","轮到一天该夕元去打猎的时候了"
"11:30","陈屈臣怎么都不让戏员去"
"11:32","但是戏员这个时候又跟陈屈臣说了一句话"
"11:34","好 这个时候您是长官"
"11:36","但是您的长官的威严已经很快要控制不住这个队伍了"
"11:40","大家在生存的本能下面"
"11:41","人性会做出一些什么不知道"
"11:44","现在唯一大家支持的那个强者"
"11:46","就是谁能打到猎物最多"
"11:48","你出去你肯定是打不到猎物的"
"11:50","但是我是一个藏地人"
"11:52","我觉得我在旁边真一定比你厉害"
"11:54","好 这就这样戏员就出去打猎"
"11:57","果然他打的是那个所有人当中最多的一个"
"11:59","而且他会教大家把那个肉怎么做成肉干"
"12:02","然后怎么把它保存下来"
"12:04","就这样了"
"12:05","相当于是西元又帮陈曲珍保住了这个首领的地位"
"12:08","在这个做肉干的过程当中还有一个细节"
"12:11","是什么呢"
"12:11","就是肉干都是有分配指标的嘛"
"12:13","哪些人吃多少"
"12:14","吃多少"
"12:15","然后分配给西元的呢"
"12:17","西元总是把它偷偷藏起来"
"12:19","等到没有粮色的时候拿出来给陈曲珍吃"
"12:21","陈曲珍就很感动"
"12:22","然后这原文当中描述了这样一句话"
"12:25","西元兼不肯时,强之在"
"12:27","契约我能耐即可,可数日不时"
"12:31","君不可一日不时,且万里重君"
"12:34","可无我,不可无君"
"12:36","君而服,我安能陶生耶"
"12:38","对吧"
"12:39","西元就是这样一个很丰满的形象"
"12:41","在这种绝地求生的环境当中"
"12:43","他还想着陈屈臣"
"12:45","陈屈臣在这里也没有任何描述他怎么表示"
"12:48","我们继续看下面的故事"
"12:49","然后再往前走走走"
"12:51","突然有一天发生了这样一样的事"
"12:52","有一个信阳的士兵"
"12:54","他跟不上了"
"12:55","他一路跟着大家都是很好的兄弟"
"12:58","但他跟不上了"
"12:59","他就躺在那里了"
"13:00","已经不行了"
"13:01","晕过去了"
"13:02","这个时候呢"
"13:03","那个陈居正就观察到"
"13:05","夜晚他们在休息的时候"
"13:06","就有人开始讨论"
"13:07","哇 那个人倒在那儿"
"13:09","是不是有点浪费了"
"13:10","我们是不是应该回去"
"13:11","把他拿过来对吧"
"13:13","我们也已经好多天没吃饭了"
"13:14","再这样怕我们都不行"
"13:16","就在讨论"
"13:17","然后这个时候陈居正就非常愤怒"
"13:19","带部队的嘛"
"13:19","人性的这种恶一旦"
"13:21","你把它放出来了"
"13:22","整个部队都出不去"
"13:23","但是呢,後來這件事還是發生的"
"13:26","是什麼呢?"
"13:26","樹中野苗血了"
"13:28","第二天天亮呢,這些人就跑去去找了一個遺體"
"13:31","結果找到那個遺體的時候,看到它已經被囊吃了"
"13:33","只剩下一些骨頭最多的地方了"
"13:36","這些人也都已經像紅了眼的囊一樣"
"13:38","浮上去叫,去搶那些還剩下的東西吃"
"13:41","那個陳學生也已經沒辦法了"
"13:43","他只能邊哭邊煮吃,你們不能這樣"
"13:45","這恨不得都已經要掏槍了"
"13:47","但正在這個時候呢,突然有人"
"13:49","嘩,回來了"
"13:50","打了三只野牛算是救了整个部队移民"
"13:53","这样大家就继续补充肉干以后往前走"
"13:56","但是无人区并不是每天都能打到力啊"
"13:59","他们又断粮了"
"14:00","后面那故事还有好长好长"
"14:02","这个时候他们部队还剩下二十来个人"
"14:04","到最后他们整个部队走出去的时候"
"14:06","只剩下七个人"
"14:08","这当中很多故事更加限制级更加惊悚"
"14:11","包括这本书为什么突然它就没有了"
"14:14","《成去真》就不写了"
"14:15","还有为什么说这是一本爱情故事了"
"14:18","看到这里大家一定都不知道"
"14:20","他爱情在哪了"
"14:21","后面还有这些故事了"
"14:23","你给我几天的时间"
"14:25","周五再继续跟大家分享"
"14:26","后面的故事非常精彩"
"14:28","好了我们今天就说到这里吧"
"14:30","下期我们继续聊"
"14:31","谢谢大家"
"",""
"","Generated with VideoHighlight.com by 何泽鑫 "